,Cat Number,Site Number,Locality,Site,Name,Situation,AccNum,fileLocation
0,7,M50/1," Squibnocket Head, sou
Martha' 8 Vineyard, Ma:", Squibnocket Cliff ., Crude quartz arrowheac‘, On top of heap.,1.0,peabody_files/Accession Files/1/1_0007.pdf.png
1,12,M50/1," Squibnocket Head, sow
Martha' 6 Vineyard, Mal", Squibnocket Cliff ., Point of crude arrowhe," In top layer of broken shell and loam almost upor

__¢I_ _L-1‘I -I_",1.0,peabody_files/Accession Files/1/1_0012.pdf.png
2,18,M50/1," Squibnocket Head, sou
Martha' 3 Vineyard, Ma", Squibnocket Cliff.," Crude knife H), quar‘", Bottom of scallop shells.,1.0,peabody_files/Accession Files/1/1_0018.pdf.png
3,23,M50/1," Squibnocket Head, sout
Martha' 3 Vineyard Mas", Squibnocket Cliff., Crude arrowhead.,35mm“ Below second shell layer in yellowish black humus,1.0,peabody_files/Accession Files/1/1_0023.pdf.png
4,26,M50/1," Squibnocket Head, so
Martha‘ a vineyard, M", Squibnocket Cliff., Quartz knife., In humus below first shell in W. side of heap.,1.0,peabody_files/Accession Files/1/1_0026.pdf.png
5,27,M50/1,"140981“? Squibnocket Read, 30111
Martha' a Vineyard Mat", Squibnocket Cliff., Quartz flake arrow., In humus below second shell in W. side of heap.,1.0,peabody_files/Accession Files/1/1_0027.pdf.png
6,28,M50/1," Squibnocket Head, sou1
Martha' 3 Vineyard, Mat", Squibnooket 01 if f .,N‘me Quartz arrow., In humus near pocket of second shells.,1.0,peabody_files/Accession Files/1/1_0028.pdf.png
7,29,M50/1," Squibnocket Head, so
Martha' 3 Vineyard, M", Squibnocket Cliff ., Butt of‘large chippet, In black muddy loam west end of heap.,1.0,peabody_files/Accession Files/1/1_0029.pdf.png
8,30,M50/1," Squibnocket Head, sout
Martha.‘ 8 Vineyard, Mas", Squibno cket Cl iff .,"

Hoe.", Trench I at base of shells.,1.0,peabody_files/Accession Files/1/1_0030.pdf.png
9,35,M50/1," Squibnocket Head, sou“
Martha's Vineyard, Ma:", Squibnocket Cliff., one quartz arrow., Upper shell Tr.1.,1.0,peabody_files/Accession Files/1/1_0035.pdf.png
10,37,M50/1,"hx??y Squibnocket Head, so
Martha's Vineyard, M", Squibnocket Cliff., Broken arrow., In shell in Tr. I.,1.0,peabody_files/Accession Files/1/1_0037.pdf.png
11,38,M50/1," Squibnocket Head, Bout
Martha' 8 Vineyard, Mae", Squibnocket Cliff.," Crude unfinished chipp

__A.l_‘A.", In shell in TI.I.,1.0,peabody_files/Accession Files/1/1_0038.pdf.png
12,39,M50/1," Squibnocket Head, so
Martha' 5 Vineyard, M

-L -‘I'I", Squibnocket Cliff ., Crude notched sinker., In small/pit located on bank east of excavation.,1.0,peabody_files/Accession Files/1/1_0039.pdf.png
13,49,M50/1," Squibnocket Head, 90‘
Martha's Vineyard, M", Squibnocket Cliff., Middle of bone ail.," First shell layer, W. end.",1.0,peabody_files/Accession Files/1/1_0049.pdf.png
14,58,M50/1," Squibnocket Head, sou‘
Martha’s Vineyayd, Ma:", Squibnocket Cliff., 'Awl with point and has, In base of first shell in W. part of heap.,1.0,peabody_files/Accession Files/1/1_0058.pdf.png
15,60,M50/1," Squibnocket Head, so
Martha's Vineyard, M", Squibnocket Cliff., I’ierced fish vertabra, Found in looking over scrap.,1.0,peabody_files/Accession Files/1/1_0060.pdf.png
16,63,M50/1," S quibnocket Head, sou1
Martha' 8 Vineyard, Ma:", Squibnocket Cliff., Scraps 01’ crude potter, Top of first shell layer.,1.0,peabody_files/Accession Files/1/1_0063.pdf.png
17,66,M50/1," Squibnocket Head, aou‘
Martha's Vineyard, Mal", Squibnocket 01 iff ., Small pieom, Found in looking over scrap.,1.0,peabody_files/Accession Files/1/1_0066.pdf.png
18,1548,nan,"Wt? From camp at ""Tom 1111]
near Mono Lake, Ga11f<",". pinon pine, handles ho
5‘“ over cord.", ”8:156:54” for 0333.9 at?,,18.0,peabody_files/Accession Files/10/18_1548.pdf.png
19,1549,nan," From camp near l'Willie
Mono Lake.",horsehair handles Mono Indians .," ""8.156! pottle £013-08???",,18.0,peabody_files/Accession Files/10/18_1549.pdf.png
20,1550,nan," Mary's Camp, Yosemite,", Miwok .," Einnowing plate.

A-._L1.l__._ L___‘ _A--l1",,18.0,peabody_files/Accession Files/10/18_1550.pdf.png
21,1553,nan, Madera or Mariposa cou,"manposa counues o from root of tall ""brake‘I"," Basket made of the zoo

.__.__‘ 3A--..) 1.. 4.1.- .a-_.LL,I-|-I",,18.0,peabody_files/Accession Files/10/18_1553.pdf.png
22,1556,nan, California.,, Food_‘9§.sket. “Iona Ix;,,18.0,peabody_files/Accession Files/10/18_1556.pdf.png
23,1557,nan," ""Capt. Alleck's camp"",
Valley, California.","

Maidu."," Cooking basket. Has b

I—qA,",,18.0,peabody_files/Accession Files/10/18_1557.pdf.png
24,1558,nan," American Valley, 08.111", Ma idu .," 090k1ng paaket. Of w}

1——",,18.0,peabody_files/Accession Files/10/18_1558.pdf.png
25,1560,nan," Camp at “Williams Ram
Lake, California.",( mono lndl an, Burden baskej; of w}1]_._c_:,,18.0,peabody_files/Accession Files/10/18_1560.pdf.png
26,1563,nan," “Bob's Camp"" (America:
Plumas Co. , Californiz",weave Maidu ?," Burden basket. willow

71“.. _--.L- M_#J__1 I!",,18.0,peabody_files/Accession Files/10/18_1563.pdf.png
27,1564,nan," American Valley, Plum:",almanac. wormananlp Maidu .," Basket made by nary Ha

—————— 27-1 ‘ A.- H1--_-",,18.0,peabody_files/Accession Files/10/18_1564.pdf.png
28,1566,nan, California.,". ulono Indian)
Sxte"," Cooking basket of will

_-LJ.-.._ “_‘_-L- ______",,18.0,peabody_files/Accession Files/10/18_1566.pdf.png
29,1567,nan,“unity California.,"_ Sierras. (Madera Co.
5“"" Yokuts ?", Basket _made_ 91’ the IOC,,18.0,peabody_files/Accession Files/10/18_1567.pdf.png
30,1568,nan,"“minty Camp on headwaters 0:
near Cass Diablo Spr‘", Mono Indian., Unfinished water-bot1,,18.0,peabody_files/Accession Files/10/18_1568.pdf.png
31,1570,nan," Camp at Williams Ra:
Lake, California.", (Mono Indian)," Cooking basket of n1

bn4ti+a sunny-IA “uni-Juan...",,18.0,peabody_files/Accession Files/10/18_1570.pdf.png
32,1571,nan, Unknown ., (Alaska Indian),N‘me Grass basket .,,18.0,peabody_files/Accession Files/10/18_1571.pdf.png
33,1574,nan," ""Mary's camp"", Yosemi'
California.",. weave. (Yosemite Ind Miwok 7, DIYE’ng basket. Heed 1,,18.0,peabody_files/Accession Files/10/18_1574.pdf.png
34,1575,nan,"‘ Site No Camp near Ahwahnee, Me.","—~—- ULyJJLg 08.815513. U836. f
hulled acorns before ggigdin.

Inno'l ilk—3 --"" , A",nan,nan,18.0,peabody_files/Accession Files/10/18_1575.pdf.png
35,1582,nan," ""?ary's camp” Califorr","

Miwok ."," Gathering basket. (Yo

on, IIA ?“__‘l__ll",,18.0,peabody_files/Accession Files/10/18_1582.pdf.png
36,1586,nan," ""Soda springs camp“ ne
Valley, Plumae 00., Ca", (Modoo Indian),"

Bagket. of 5:98.}; used 1",,18.0,peabody_files/Accession Files/10/18_1586.pdf.png
37,1587,nan," ""Mary's camp“,Yosem1t<
California.", (Yosemite Indian) Miw," Burden basket of willo

”A --_¢I d- - __-_-",,18.0,peabody_files/Accession Files/10/18_1587.pdf.png
38,1589,nan, California., Modoc Indian .," Man's hat. 01’ grass,

n+m‘mm",,18.0,peabody_files/Accession Files/10/18_1589.pdf.png
39,1591,nan, California., (Modoc Indian), Grass basket. Woven 0‘,,18.0,peabody_files/Accession Files/10/18_1591.pdf.png
40,1592,nan," Camp on headwaters of
near ""Case. Diablo' Sp]",L?U. UH. auuuLu Mono Indian.," Fish basket. containi

mommdna ‘n nun-Lam ‘A 1-1.“ -A",,18.0,peabody_files/Accession Files/10/18_1592.pdf.png
41,1594,nan, California.,09.1: we neatlng 81301188 men I Made of slender oak bran," Barry-18.. Used in at:

a--__. _-——.I A..- .__1_J'I A ___‘,j,,",,18.0,peabody_files/Accession Files/10/18_1594.pdf.png
42,1596,nan,L°°81ity Unrecorded .," California Indian, nos", Small basket bowl.,,18.0,peabody_files/Accession Files/10/18_1596.pdf.png
43,1597,nan,Want)” Unrecorded.," California Indian, pos", Small basketry bowl.,,18.0,peabody_files/Accession Files/10/18_1597.pdf.png
44,1599,nan, Unrecorded .,"

California Indian, po",N?me Small basket .,,18.0,peabody_files/Accession Files/10/18_1599.pdf.png
45,1604,nan, Unrecorded.,5‘“ Hopi Ind ian .,nan,,18.0,peabody_files/Accession Files/10/18_1604.pdf.png
46,1605,nan,W381“! Unreoorded., Hopi Indian ., Coiled basketry tray.,,18.0,peabody_files/Accession Files/10/18_1605.pdf.png
47,1609,nan," Burlington County, New",,N?me Knife.,,20.0,peabody_files/Accession Files/11/20_1609.pdf.png
48,1618,nan,"10°81“? Trenton, New Jersey.",, m1: 3.,,20.0,peabody_files/Accession Files/11/20_1618.pdf.png
49,1675,nan," Bucks County, Pennsyl‘", Ne shaminy Val 1 ey ., Blade .,,20.0,peabody_files/Accession Files/11/20_1675.pdf.png
50,1676,nan," Bucks County, Pennsyl‘", Ne shaminy Valley -,"

Blade .",,20.0,peabody_files/Accession Files/11/20_1676.pdf.png
51,1677,nan," Bucks County, Pennsyl‘", Ne shaminy Valley ., Blade .,,20.0,peabody_files/Accession Files/11/20_1677.pdf.png
52,1678,nan, Bucks County Penns?yl‘, Ne shaminy Valley .,"

Blade .",,20.0,peabody_files/Accession Files/11/20_1678.pdf.png
53,1685,nan,‘ Wit? Pennsylvania.,, Blade.,,20.0,peabody_files/Accession Files/11/20_1685.pdf.png
54,1692,nan,10°th Pennsylvania.,, Scraper .,,20.0,peabody_files/Accession Files/11/20_1692.pdf.png
55,1699,nan,‘ WW Pennsylvania .,,I Arrowpoint .,,20.0,peabody_files/Accession Files/11/20_1699.pdf.png
56,1703,nan," Bucks County, Pennsvl‘", Point Pleasant .,Nine Net sinker.,,20.0,peabody_files/Accession Files/11/20_1703.pdf.png
57,1707,nan," Bucks County, Pennaylv", Near Kintnerav?le ., Pot shard.,,20.0,peabody_files/Accession Files/11/20_1707.pdf.png
58,1720,nan, Susquehanna River .,Si“ Hall' 3 Island., Arrowpoint .,,20.0,peabody_files/Accession Files/11/20_1720.pdf.png
59,1733,nan,"‘ Wit? Kent County, Maryland", Near Rock Hall ., Arrowpoint .,,20.0,peabody_files/Accession Files/11/20_1733.pdf.png
60,1796,nan," W. Brookfield, Mass.", :er. 3.1:. Tyler‘s Farm, broken arIOWpoint .,,21.0,peabody_files/Accession Files/12/21_1796.pdf.png
61,1797,nan, ‘y‘ . Brook, Mr s . E . LI, broken a.,,21.0,peabody_files/Accession Files/12/21_1797.pdf.png
62,1804,nan,"Wality Warren ,",, Broken ‘ a,,21.0,peabody_files/Accession Files/12/21_1804.pdf.png
63,1806,nan,"L°¢a1ity Warren, Mass.",, Broken arrowpoint.,,21.0,peabody_files/Accession Files/12/21_1806.pdf.png
64,1816,nan,"‘ WW Warren, Mass.", Near Town Farm ., Broken arrowooint .,,21.0,peabody_files/Accession Files/12/21_1816.pdf.png
65,1818,nan,"l 10°31“? Warren, Mass.",, Broken arrowpoint .,,21.0,peabody_files/Accession Files/12/21_1818.pdf.png
66,1824,nan,"J Localit31’ Warren, Mass.", Near Quaboag River., Broken arrowpoint .,,21.0,peabody_files/Accession Files/12/21_1824.pdf.png
67,1834,nan,"MW Warren, Mass.

‘",, Broken arrowpoint .,,21.0,peabody_files/Accession Files/12/21_1834.pdf.png
68,1837,nan,". L“*m3 Warren

Mass.",,Nlme Broken arrowpoint .,,21.0,peabody_files/Accession Files/12/21_1837.pdf.png
69,1843,nan,"L°°ahty Warren , Mass.",, Broken arrovrpo int .,,21.0,peabody_files/Accession Files/12/21_1843.pdf.png
70,1846,nan," Warren, L",, Broken ELI‘,,21.0,peabody_files/Accession Files/12/21_1846.pdf.png
71,1857,nan,W331“? Warren Mass .,, Broken arrowpo int .,,21.0,peabody_files/Accession Files/12/21_1857.pdf.png
72,1859,nan, Idaho., Ross Fork Reservation.,Nm‘ Shoshone purse .,,21.0,peabody_files/Accession Files/12/21_1859.pdf.png
73,1888,nan,"Lmty Tyrone Township, Schu;", Lamoka Lake ‘, OhOpper.,,22.0,peabody_files/Accession Files/13/22_1888.pdf.png
74,1909,nan,"l MW Ontario 00., N.Y.",5““ Gananda igua., Bone awl .,,22.0,peabody_files/Accession Files/13/22_1909.pdf.png
75,1917,nan," Ontario Co. , N-Y-",Si“ Cananda igua ., Bone bead .,,22.0,peabody_files/Accession Files/13/22_1917.pdf.png
76,1920,nan," Ontario 00., N.Y.", Cananda i gua ., 15 pot sherd’s .,,22.0,peabody_files/Accession Files/13/22_1920.pdf.png
77,1922,nan,"‘ MW Chenango 00., N.Y.", Bainbridge ., 4 potsherds .,,22.0,peabody_files/Accession Files/13/22_1922.pdf.png
78,1937,nan,"1 MW Richmond “1118, Data!", Reed., ruhnoox blank (bone).,,23.0,peabody_files/Accession Files/14/23_1937.pdf.png
79,1947,nan,"‘ MW Richmond M1113, Ontari","

Reed.", 10 bone beads.,,23.0,peabody_files/Accession Files/14/23_1947.pdf.png
80,1958,nan,". locality Jefferson 00., N.Y.", Adams Center .,"

Arron» int .",,23.0,peabody_files/Accession Files/14/23_1958.pdf.png
81,1964,nan," Near Scottsv?le, lion:", Farrell., Phalangeal cone.,,23.0,peabody_files/Accession Files/14/23_1964.pdf.png
82,1974,nan,"“can“! ?adiaon 00., N.Y.", Nichols Pond ., Pot shard.,,23.0,peabody_files/Accession Files/14/23_1974.pdf.png
83,1976,nan,"10°31“? Livingston 00., N.Y.",, Knife.,,23.0,peabody_files/Accession Files/14/23_1976.pdf.png
84,1978,nan,"‘ Mt? Livingston 00., NJ.",, Arrovpoint .,,23.0,peabody_files/Accession Files/14/23_1978.pdf.png
85,1982,nan,"Loc?lity Livingston 00., N.Y.
\", 01 eary.,N‘me Potahord.,,23.0,peabody_files/Accession Files/14/23_1982.pdf.png
86,1987,nan," Monroe 00., LY.","

Dann.",N‘me Clay pipe.,,23.0,peabody_files/Accession Files/14/23_1987.pdf.png
87,1992,nan,"“cant? Ontario , Canada.",, Cast 01' pipe.,,23.0,peabody_files/Accession Files/14/23_1992.pdf.png
88,2002,H35," Taunton, llau.‘", Near Bounding Pond., lortar., Cache .,24.0,peabody_files/Accession Files/15/24_2002.pdf.png
89,2007,Me.152/1," Bluehill Falls, IA", Nevin Shell Heap -, Part of broken gm," Trench IA.1, Section 1E. 400m. below IA.1/1‘",25.0,peabody_files/Accession Files/16/25_2007.pdf.png
90,2016,Me.152/1,"J Bluehill Falls, Me.", Nevin Shell Heap., Point of knife .," Trench IA.3, S‘ec_tionAlE of East wall, shell",25.0,peabody_files/Accession Files/16/25_2016.pdf.png
91,2017,Me.152/1," Bl?ehill Falls, Me.", Nevin Shell Heap., Broken plummet .," Trench IA.1, Section 1E. Above plow line.",25.0,peabody_files/Accession Files/16/25_2017.pdf.png
92,2020,Me.152/1," Bluehill Falls, Me.", Nevin éhell Heap., Broken plummet .," Trench IB, Section 1E. In pebbles and shells.",25.0,peabody_files/Accession Files/16/25_2020.pdf.png
93,2029,Me.152/1," Bluehill Falls, Me.", Nevin Shell Heap ., Piece of a. knife.," Trench IB, Section 1E. East wall, bottom of

”—1. ‘L‘??",25.0,peabody_files/Accession Files/16/25_2029.pdf.png
94,2031,Me.152/1," Bluehill Falls, Me.", Nevin Shell Heap., Butt of tanged spear," Trench IB.1, Section 1E. 8cm. below 13/0 in

_‘__I'I_ ________, __-1_-",25.0,peabody_files/Accession Files/16/25_2031.pdf.png
95,2032,Me.152/1," Bluehill Falls, Me.", Nevin Shell Heap ., Bit of broken celt.," Trench IB.1, Section 1E. Black humus and pebble

‘-_A___. _L A__L.l__.",25.0,peabody_files/Accession Files/16/25_2032.pdf.png
96,2033,Me.152/1," Bluehill Falls, Me.", Nevin Shell Heap -, .Concave base of an ar," Trench IB. 1 Section 1E. Central par}; _on

I}¥j II:,, _ -_",25.0,peabody_files/Accession Files/16/25_2033.pdf.png
97,2038,Me.152/1,"l locality Bluehill Falls, Me.", Nevin Shell Heap., Crude knife .," Trench IB.1, Section 1‘52: TOp of black humus and",25.0,peabody_files/Accession Files/16/25_2038.pdf.png
98,2045,Me.152/1," Bluehill Falls, Me.", Nev in Shell Heap ., Butt of tanged Spear," Trench IB.1, Section 1E. From glisturbed section

L. -L I‘— -A‘AI_L___L_3 L‘_A1_ L- IIIII,",25.0,peabody_files/Accession Files/16/25_2045.pdf.png
99,2046,Me.152/1," Bluehill Falls, Me.", Nevin She‘ll Heap., Tip of slate point.," Trench IB. 1, Section 1E. Below disturbed area

L__J_ 1,, ""1:! --q ---",25.0,peabody_files/Accession Files/16/25_2046.pdf.png
100,2051,Me.152/1," Bluehill Falls, ue.", Nevin Shell Heap ., Battered flake .," Trench IB.2, Section @E. ‘plack humus and",25.0,peabody_files/Accession Files/16/25_2051.pdf.png
101,2052,Me.152/1," Bluehil‘. Falls, Me.", Nevin ShellHnap., Piece of whetstone .," Trench IB.2, Section 13. Black humus and pebble",25.0,peabody_files/Accession Files/16/25_2052.pdf.png
102,2056,Me.152/1," Bluehill F‘Plls Me.

3", Nevin Shell Heap .," Arrowpoint , tanged."," Trench 113.3, Sgctiign‘lE: _N._W._1_)order of section",25.0,peabody_files/Accession Files/16/25_2056.pdf.png
103,2057,Me.152/1," Bluehill Falls, Me.", Nevin Shell Heap., Tanged knife.," frrgnch IB._:3, SgectzgrgplE: _On‘ NJ]. bgrde: 100m.",25.0,peabody_files/Accession Files/16/25_2057.pdf.png
104,2071,Me.152/1," Bluehill Falls, 118.", Nevin She‘ll Heap ., Tip of slate point.," Trench IB.3, Section 1E. Black humus and pebble:",25.0,peabody_files/Accession Files/16/25_2071.pdf.png
105,2072,Me.152/1," Bluehill Falls, Me.", ‘ Nevin Shell Heap. ', Butt of slate point.," Trench 13.3, Section 1E. Black humus and pebble:",25.0,peabody_files/Accession Files/16/25_2072.pdf.png
106,2078,Me.152/1," Bluehill Falls, Me.","

Nevin Shell Heap.","

Plummet ."," Trench Ip,_§ection 1E. Deep in black humus undea",25.0,peabody_files/Accession Files/16/25_2078.pdf.png
107,2080,Me.152/1," Bluehill Falls, Me.", Nevin Shell Heap., Tang of felsite spear," Trench IO, Section 1E. In coarser humus, on

___ _. —__ [——",25.0,peabody_files/Accession Files/16/25_2080.pdf.png
108,2082,Me.152/1," P1 U- 11}: 1"" 1 ‘1 Tn","S1te ""r311“: h. 1371* 57"" I ""’43""", Shale .palletp.," 'TZ’Q""‘z?h It}, Section N“.",25.0,peabody_files/Accession Files/16/25_2082.pdf.png
109,2085,Me.152/1," Bluehill Falls, Me.", Nevin Shell Heap ., Point of Spear head.," Trench IC. 1, Section 1E. N.E. corner near ledge

kn'lnm n1A'II 14mm 4“ 6151311",25.0,peabody_files/Accession Files/16/25_2085.pdf.png
110,2086,Me.152/1," Bluehill Falls, Me.", Nevin Shell Heap ., Crude side scraper.," Trench IC. 1, Section 1E. S.E. corner of sectio

an n ‘I___‘I.I_-",25.0,peabody_files/Accession Files/16/25_2086.pdf.png
111,2087,Me.152/1,"

”Inchi'?","Slte Nevin “71611 ""M“-", P11mme+," Trnnch 177.1, Sncti?n 1*? Or 22’! ”?ne '7'_7cr[1. from",25.0,peabody_files/Accession Files/16/25_2087.pdf.png
112,2088,Me.152/1,"

P11101111 1

F9179

’

Tfm", T’evin .9th HM.“-, Hammer st one .," 'P-pnnn?) 173.1 F‘nn'F‘in‘n I"": Tn 'h ?air 111r~.5:,
. . . a . - . . ‘, . ...£’111.,

.., . a.”",25.0,peabody_files/Accession Files/16/25_2088.pdf.png
113,2089,Me.152/1," F 111, oh 1-1.. ‘I.",, Felsite knife:," TTQT‘OT‘. I?! ,0
. . . ,,",25.0,peabody_files/Accession Files/16/25_2089.pdf.png
114,2092,Me.152/1,"‘ y . 'I I I
F.1219h11s. “""1319 1""""

.’ a"," He‘d]? “Shell 39mm.

1 .", Animal vertebra with,"

Trench

T?
*“J

539013711331 17."" .",25.0,peabody_files/Accession Files/16/25_2092.pdf.png
115,2093,Me.152/1, Blueh 111 Fall 8, Nevin Shell He:, Broken beaver ‘," Trench IA.1, Section 1E. Above plow line",25.0,peabody_files/Accession Files/16/25_2093.pdf.png
116,2096,Me.152/1," Bluehill Falls, 1", Nevin Shell Heap., Point of bird box," Trench IA.8, Section 1E. 25cm. below IA.2 i‘",25.0,peabody_files/Accession Files/16/25_2096.pdf.png
117,2102,Me.152/1," Bluehill Falls, M", Nevin Shell Heap ., Eye of needle .," Trench IA.2, Section 1E. 47cm. below IA.2/1‘",25.0,peabody_files/Accession Files/16/25_2102.pdf.png
118,2107,Me.152/1," Bluehill Falls, Me.","

Nevin Shell Heap.", Broken canine tooth o," Trench IB Section 1E. On top_ _of_ _she_11 and

‘_— _ [-—",25.0,peabody_files/Accession Files/16/25_2107.pdf.png
119,2114,Me.152/1, Bluehill Fall,"

Nevin Shell", Point of bone," Trench IA.L’>, Section 1E. 3rd shell layer",25.0,peabody_files/Accession Files/16/25_2114.pdf.png
120,2120,Me.152/1," Bluehill Falls, Me.", Nevin Shell Heap., Eye end of needle.,"Situati‘m Trench IB, Section 1E. 2nd shell laver.",25.0,peabody_files/Accession Files/16/25_2120.pdf.png
121,2124,Me.152/1," Bluehill Falls, Me","

Nevin Shell Heap.", 2 pieces of bone n1," Trench IB.1, Section 113. Central p‘arjs‘of blac",25.0,peabody_files/Accession Files/16/25_2124.pdf.png
122,2126,Me.152/1," Bluehill Falls, Me.", Nevin Shell Heap., Sawed swordfish sworc‘," Trench IB.1, Section 1E. Black humus and pebble:",25.0,peabody_files/Accession Files/16/25_2126.pdf.png
123,2127,Me.152/1," Bluehill Falls, M","

Nevin Shell Heap.", Point of bone neec‘," Trench IB.1/O, Section 1E. Under post knocke

,qu‘IA_9",25.0,peabody_files/Accession Files/16/25_2127.pdf.png
124,2129,Me.152/1, Blueh ill F, Nevin Shel‘, Fragment o:," Trench IB.2, Section 1E. At plow line",25.0,peabody_files/Accession Files/16/25_2129.pdf.png
125,2132,Me.152/1," Bluehill Falls, He.", Nevin Shell Heap ., Fragment of foreshaft,"Shunt-i” Trench IB.2, Section 1E. Black humus and pebble",25.0,peabody_files/Accession Files/16/25_2132.pdf.png
126,2133,Me.152/1," Bluehill Falls, Me.","

Nevin Shell Heap.", Fragment of bone awl‘," Trench IB.3, Section 1E. Black humus and pebble",25.0,peabody_files/Accession Files/16/25_2133.pdf.png
127,2137,Me.152/1," Bluehill Falls, Me.
\","

Ne‘vin Shell Heap .", Worked bone - 5 piece," Trench I§.2, Section 1E. Stake section, humus",25.0,peabody_files/Accession Files/16/25_2137.pdf.png
128,2140,Me.152/1," Bluehill Falls, Me.", Nevin Shell Heap ., Fragment of burnt b0},"Sim-“35°“ Trench IB..'5, Section 1E. Black humus and pebble",25.0,peabody_files/Accession Files/16/25_2140.pdf.png
129,2141,Me.152/1," Bluehill Falls, Me.", Nevin Shell Heap ., Piece of burnt worked,"Situa?On Trench IB.3, Section 1E. Black pebbles and humus",25.0,peabody_files/Accession Files/16/25_2141.pdf.png
130,2142,Me.152/1," Bluehill Falls, Me.", Nevin Shell Heap ., Fragment of beaver tc,"swath“ Trench 18.3, Section 1E. Black pebbles and humus",25.0,peabody_files/Accession Files/16/25_2142.pdf.png
131,2143,Me.152/1,nan,"J

*Y

-v-",nan," Trait)?"" Tp?’: mmf?n 1:? PUP-n77 111122113 WM j'-r>h‘h1n'f",25.0,peabody_files/Accession Files/16/25_2143.pdf.png
132,2146,Me.152/1," Bluehil]. Falls, Me","

Nevin Shell Heap.", Plaque — probably -," Trench IB.3, Section 1E. Stake below and shel",25.0,peabody_files/Accession Files/16/25_2146.pdf.png
133,2148,Me.152/1," Bluehill Falls, Me", Nevin Shell heap ., Broken awl .," Trench 10, Section 1E. Deep in black humus an

A v“ n 1:,",25.0,peabody_files/Accession Files/16/25_2148.pdf.png
134,2149,Me.152/1," Bluehill Falls, Me.", Nevin Shell Heap ., Worked swordfish swoz," Trench IC, Section 1E. Deep in black humus

.“ — U. a c- _ [-—",25.0,peabody_files/Accession Files/16/25_2149.pdf.png
135,2152,Me.152/1," Blu ehi].1 Falls ,", Nevin Shell Heap‘, Pot shards .,"Situa?On Trench _IA_.}, Section 1E. 27cm. below IA.1 i‘",25.0,peabody_files/Accession Files/16/25_2152.pdf.png
136,2154,Me.152/1," Blueh‘lll Falls, Me.", Nevin Shell Heap.,Nlme Pot shards .," Trench IA._ 3, Sect19n_1E. From upper shell-flecke",25.0,peabody_files/Accession Files/16/25_2154.pdf.png
137,2156,Me.152/1," Bluehill Falls, Me.", Nevin Shell Heap., Pot sherds.,"Sim?m Trench 133, Section 1E. In top of shell and",25.0,peabody_files/Accession Files/16/25_2156.pdf.png
138,2163,Me.152/1," Bluehill Falls, Me.", Nevin Shell Heap., Pot sherd .,"Sim?on :Pl‘ench 13.2, Section 113. In shells below plow",25.0,peabody_files/Accession Files/16/25_2163.pdf.png
139,2167,Me.152/1," Bluehill Falls ,","

Nevin Shell Hea;", Pot shard.," Trench IB.3, Section “:1E Center of souther:

.I‘,",25.0,peabody_files/Accession Files/16/25_2167.pdf.png
140,2169,Me.152/1," Bluehill Falls, Me.", Nevin Shell Heap ., Pot shard.," Trench 10, Section 113. Just below shells in

L‘- -1- L_-_4__-",25.0,peabody_files/Accession Files/16/25_2169.pdf.png
141,2170,Me.152/1,"MW Bluehill Falls, Me.", Nevin Shell Heap ., Pot aherds .," Trench IC, Section 1E. In west bank of section

Q,,-IA I'L_3 1 _____ An _L-11 .l_ 1.1--1- 1.--”--",25.0,peabody_files/Accession Files/16/25_2170.pdf.png
142,2175,Me.152/1," Bluehill Falls, Me.", Nevin Shell Heap ., Pot shard .," Trench 10.1, Section 1E. In center of east half

\,A-|'I 1 _'I -A“ ._? ._ 11—;",25.0,peabody_files/Accession Files/16/25_2175.pdf.png
143,2178,Me.152/1," Bluehill Falls, Me.","

Nevin Shell Heap.", éone dagger .," Grave 9, burial 1. #304 on fiald chart.",25.0,peabody_files/Accession Files/16/25_2178.pdf.png
144,2179,Me.152/1," Bluehill Falls, Me.", Nevin Shell Heap., I—ncised bone dagger," Grave 9, burial l. #306 on field chart. On to

,, 7 _ALL",25.0,peabody_files/Accession Files/16/25_2179.pdf.png
145,2190,Me.152/1," Bluehill Falls, Me.", Nevin Shell Heap., Broken beaver tooth o?," Grave 9, burial 1 #318 on field chart. Just

a ""—1-.",25.0,peabody_files/Accession Files/16/25_2190.pdf.png
146,2193,Me.152/1," Bluehill Falls, Lie.", Nevin Shell Heap ., Incised bird bone £1111," Grave 9, Burign. 2. #322 on fiel? chart.",25.0,peabody_files/Accession Files/16/25_2193.pdf.png
147,2194,Me.152/1," Bluehill Falls, Me.", Nevin Shell Heap ., Small animal t?) tee1," Grave 9 burial 8, #383 on field chart. From

A“- :I ___1__l A",25.0,peabody_files/Accession Files/16/25_2194.pdf.png
148,2195,Me.152/1, Bluehill Fe, Nevin Shell, Inciaed bon‘," Grave 9, burial 2. #319 on field chart",25.0,peabody_files/Accession Files/16/25_2195.pdf.png
149,2197,Me.152/1," Bluehill Falls, Me.
i", Nevin Shell Heap., Broken beaver tooth c," Grave 9, burial 2. Under middle of #320 On

£1-13 -i,",25.0,peabody_files/Accession Files/16/25_2197.pdf.png
150,2200,Me.152/1," Bluehill Falls, Me.", Nevin Shell Heap.," Point of incised dagg

‘4 A--"," Grave 9,1.urial 2, #326 on field chart, east

A1 1‘ Innv—n‘",25.0,peabody_files/Accession Files/16/25_2200.pdf.png
151,2208,Me.152/1, Bluehill Falls, Nevin Shell He:,| M 91597.“:, Grave 10. Humus and pebbles under pelvis,25.0,peabody_files/Accession Files/16/25_2208.pdf.png
152,2209,Me.152/1," Bluehill Falls, Me.",Sité Nevin Shell Heap ., - Barbed bone arrowpoint," Grave-'10. In humus, above fish bone.",25.0,peabody_files/Accession Files/16/25_2209.pdf.png
153,2212,Me.152/1," Bluehill Falls, Me.
\", Nevin Shell Heap., Worked bone .," Grave 10. In humus and pebbles under grave near

vu— I‘I‘",25.0,peabody_files/Accession Files/16/25_2212.pdf.png
154,2213,Me.152/1," Bluehill Falls, Me.", Nevin Shell Heap., Worked bird bone.," Grave 10. Humue and pebbles below grave, near

,“I‘IH ,,",25.0,peabody_files/Accession Files/16/25_2213.pdf.png
155,2217,Me.152/1," Bluehill Falls, Me.", Nevin Shell Heap ., Broken plummet.," Trench 1.3, Section 2E. Black humus and pebe«",25.0,peabody_files/Accession Files/16/25_2217.pdf.png
156,2219,Me.152/1," Bluehill Falls, Me.", Nevin Shell Heap., Piece of sawed slate.," Trench IA.’1, Section 2E. Above plow line.",25.0,peabody_files/Accession Files/16/25_2219.pdf.png
157,2223,Me.152/1," Bluehill Falls, Me.", Nevin Shell Heaps,m," Trench IA. 2, Section ”E E. Above plow line.",25.0,peabody_files/Accession Files/16/25_2223.pdf.png
158,2224,Me.152/1," Bluehill Falls, Lie", Nevin Shell Heap., Point of knife.," Trench IA.2, Section 2E. 32cm. below IA.2/1‘",25.0,peabody_files/Accession Files/16/25_2224.pdf.png
159,2225,Me.152/1," Bluehill Falls, 1.!", Nevin Shell Heap ., Piece of sawed sle, Trench If“?! §ection BE. 350m. below IA.2/11,25.0,peabody_files/Accession Files/16/25_2225.pdf.png
160,2226,Me.152/1,"MW Bluehill Falls, Me.", Nevin Shell Heap ., 2 pieces of badly eroé,"3mm Tr_ench _IA:2_,;8ection 2E. Post section, 45cm.",25.0,peabody_files/Accession Files/16/25_2226.pdf.png
161,2231,Me.152/1," Bluehill Falls, Me.", Nevin Shell Heap ., Crude quartz implemen‘!," Trench IE, Section 213. Shells above plow line.",25.0,peabody_files/Accession Files/16/25_2231.pdf.png
162,2239,Me.152/1," Bluehill Falls, Me.", Nevin Shell Heap ., Point of arIOWpoint.,"Situatim Trench IE, Section 2E. Shell flecked humus belo‘",25.0,peabody_files/Accession Files/16/25_2239.pdf.png
163,2243,Me.152/1," Bluehill Falls, ‘", Nevin Shell Heap., Unfinished broke:," Trench IB,Sec1.:io_n 2E._ Black humus and 1008",25.0,peabody_files/Accession Files/16/25_2243.pdf.png
164,2245,Me.152/1,"Site No. Me Blue‘nill Falls, Me.",u-u-c r'rugmgn‘c 01' bayonet 81:,nan,nan,25.0,peabody_files/Accession Files/16/25_2245.pdf.png
165,2252,Me.152/1," Bluehill Falls, Me.", Nevin Shell Heap., Broken plunnhet .,"Sim?m Trench IB.1, Section 2E. In humus below 2nd",25.0,peabody_files/Accession Files/16/25_2252.pdf.png
166,2254,Me.152/1," Bluehill Falls, Me.", Nevin Shell Heap ., Skinning knife .," Trench 113.1, Section 2E. Stake section — humus",25.0,peabody_files/Accession Files/16/25_2254.pdf.png
167,2255,Me.152/1," Bluehill F8118, Me.","e - — ‘
N 011' U118]. Ilea Jo", Tanged arrowpoint .," Trench IB.2, Section 2E. Shells below plow line",25.0,peabody_files/Accession Files/16/25_2255.pdf.png
168,2256,Me.152/1," Bluehill Falls, Me.", Nevin Shell Heap ., Broken adze .,"Situ??m french I13.” a, Section BE In humus below shells

-_ _ l-—",25.0,peabody_files/Accession Files/16/25_2256.pdf.png
169,2257,Me.152/1," Bluehil] Falls, Me.", Nevin Shell Heap., Plummet .,"Situatim Trench_ IE. 2 Section 2E. In humus below shells,

__ - l-—",25.0,peabody_files/Accession Files/16/25_2257.pdf.png
170,2258,Me.152/1," Eluehill Falls, Me.", Nevin Shell Heap., Adze.,"S. t.
ltua Ion Trench IB.-'.3, Section 2E. In humus in run}: f“! nn-r-",25.0,peabody_files/Accession Files/16/25_2258.pdf.png
171,2262,Me.152/1," Bluehill Falls, M", Nevin Shell Heap., Broken plummet .,"Situa?On Trench IB.2, Section 2E. In humus - in roc‘",25.0,peabody_files/Accession Files/16/25_2262.pdf.png
172,2263,Me.152/1," Bluehill Falls

, Lie.", Nevin Shell Heap.,N‘me Broken plummet.,"Sim?m Trench IB.8, Section 3E. In humus - rock floor.",25.0,peabody_files/Accession Files/16/25_2263.pdf.png
173,2264,Me.152/1, Blueh i 1 1 Fa], Nevin Shell ‘, Broken plumm,"Situatim Trench 1B,? Section 3E. Deep in humus

)",25.0,peabody_files/Accession Files/16/25_2264.pdf.png
174,2265,Me.152/1," Bluehill Falls, Lie.", Nevin Shell Heap ., Butt of broken adze.,"Sim?on Trench 113.2, Section 3E. Deep in humus.",25.0,peabody_files/Accession Files/16/25_2265.pdf.png
175,2266,Me.152/1," Bluehill Falls, Me.", Nevin Shell Heap .,Nine Disk knife.,"Sim?m Trench IB.2, Section 2133. Deep in humus.",25.0,peabody_files/Accession Files/16/25_2266.pdf.png
176,2270,Me.152/1," Bluehill Falls, Lie", Nevin 81911 Heap., Worked flake.,"51mm“ Trench 113.3, Section 2B. In shel‘ls above plo'",25.0,peabody_files/Accession Files/16/25_2270.pdf.png
177,2271,Me.152/1," Bluehill Falls, Lie.", Nevin Shell .. ‘19-'10-, Tang of felsite arrow:,"Situa?m Trench IB.3, Section 2E. In humus just below",25.0,peabody_files/Accession Files/16/25_2271.pdf.png
178,2272,Me.152/1," Bluehill Falls lie.

’", Nevin Shell Heap.,Nine Broken knife .," Trench IB. 3, Section 2E. In humus. 20cm. be10‘

-H '- ,-J_IgA",25.0,peabody_files/Accession Files/16/25_2272.pdf.png
179,2273,Me.152/1," Bluehill F3811 , Me.", Nevin Shell Heap., Point of felsite spear,"Situatim Trench IB. Section 2E. 200m. below IB.3/1E

3’",25.0,peabody_files/Accession Files/16/25_2273.pdf.png
180,2275,Me.152/1," Bluehill Falls, Me.", Nevin Shell Heep.,Nun“ Thumb scraper .," 23310314133, Section 213. In humus, 210m. below",25.0,peabody_files/Accession Files/16/25_2275.pdf.png
181,2276,Me.152/1," Bluehil‘. Falls, Lie.", Nevin Shall Hem., Gouge or skinning knif," Trench IB.5, Section 3E. Humus above 2nd shelw",25.0,peabody_files/Accession Files/16/25_2276.pdf.png
182,2277,Me.152/1,"“cam? Bluehill Falls, 1.!", Nevin Shell Heap ., Edge of broken ad:," Trench IB.3, Section 212'. In humus above 2n

(3% 51 1 1 0.11er",25.0,peabody_files/Accession Files/16/25_2277.pdf.png
183,2280,Me.152/1," Bluehill Falls, LI", Nevin Shell Heap ., Plummet .,"55mm” Trench 113.3, Section 3E. Humue - 430m. belo‘

_l__",25.0,peabody_files/Accession Files/16/25_2280.pdf.png
184,2281,Me.152/1," Bluehill Falls, lie.", Nevin Shell Heap .,Nme Fragment of slate pale," Trench IB 3 Section 23E. In humus 51cm. below

T“ — lunc—",25.0,peabody_files/Accession Files/16/25_2281.pdf.png
185,2282,Me.152/1," Bluehill Falls ,Iia .", Nevin Sh ell Heap .,NW Broken plummet .,"Situa?m Trench IB.‘3, Section 2B. In humus 58cra. belcr

-_ _ [—-",25.0,peabody_files/Accession Files/16/25_2282.pdf.png
186,2283,Me.152/1," Bluehill Falls, Lie", Nevin Shell Heap ., Butt of knife.,"Situa?On Trench IB.S, Section 2E stake. In shell be10*",25.0,peabody_files/Accession Files/16/25_2283.pdf.png
187,2285,Me.152/1," Bluehill Falls, Me.", Nevin Shell Heap ., Butt of knife.,"Sim?m Trench IC Section 2E. In shells above plow

, _A._I _,-",25.0,peabody_files/Accession Files/16/25_2285.pdf.png
188,2286,Me.152/1," Bluehill Falls, He.", Nevin Shell Heap ., Crude Celt .,"Simtion Trench 10 Section 2E. On top of humus on Io

”.0 :31- ‘1‘ -AAL-IA...",25.0,peabody_files/Accession Files/16/25_2286.pdf.png
189,2287,Me.152/1," Bluehill Falls, He.", Nev'in Shell Heap ., Plummet .,"Situati‘m Trench 10, Section 2E. On to? of humus; in",25.0,peabody_files/Accession Files/16/25_2287.pdf.png
190,2288,Me.152/1," Bluehill Falls, Me.", Nevin Shell Heap., Part of polished slate,"Situa?” Trench IC, Sggtigg 2E. In humus below shells,",25.0,peabody_files/Accession Files/16/25_2288.pdf.png
191,2289,Me.152/1," Bluehill Falls, Me.", Nevin Shell Bea ., Crude knife .,"Sitm?m Trench IC, Section BE. In humus in S.E. come",25.0,peabody_files/Accession Files/16/25_2289.pdf.png
192,2290,Me.152/1," Bluehill Falls, Lie.", Nevin Shell Heap ., Point of felsite drill,"Situati‘m Trench IC, Section 2E. In humus in 8.153. corner",25.0,peabody_files/Accession Files/16/25_2290.pdf.png
193,2291,Me.152/1," Bluehill Falls, Lie.", Nevin Shell Heap ., Butt of tanged arrowpo,"Sim?m‘ Trench 10, Section 8E. Deep in humus in center",25.0,peabody_files/Accession Files/16/25_2291.pdf.png
194,2292,Me.152/1,"L°¢=alitYBluehill Falls , Lie .", Nevin Shell Heap ., Butt of celt.," Trench 10, Section 2E. In humus just below 2nd

nkn11 1nutn‘ 4“ Q m AAmA‘",25.0,peabody_files/Accession Files/16/25_2292.pdf.png
195,2296,Me.152/1," Bluehill Falls, Me.", Nevin Shell Heap ., Fragment of skinning k,"Situati‘m Trench IC, Section 2E. Deep in humus.",25.0,peabody_files/Accession Files/16/25_2296.pdf.png
196,2297,Me.152/1," Bluehill Falls, Me.", Nevin Shell Heep., Piece of sawed slate.,"swath“ :I‘rgnch_1ql_8ection 2E. Deep in humus, 58cm.",25.0,peabody_files/Accession Files/16/25_2297.pdf.png
197,2300,Me.152/1," Bluehill Falls, Lie.", Nevin Shell Heap., Tanged arrowpoint .," Trench IC, Section 2E. 59cm. below 10/21? in

“1 n A1» ‘n‘qnqun",25.0,peabody_files/Accession Files/16/25_2300.pdf.png
198,2306,Me.152/1," Bluehill Falls, Lie.", Nevin Shel]. Heap ., Broken gauge .," Trench IC. 1 Section BE. In shell lense 300m.

1. -1 -_ 1'}! In“,",25.0,peabody_files/Accession Files/16/25_2306.pdf.png
199,2309,Me.152/1," Bluehill Falls, He.", Nevin Sh e11 Heap ., Small plummet .," Trench 10.], Section 2E. _33c_:m._‘pe1_ow_ tog: of",25.0,peabody_files/Accession Files/16/25_2309.pdf.png
200,2310,Me.152/1," Bluehill Falls, Me.", Nevin Shell Heap., Tanged arrowpoint .," Trench IC.1, Section?E: 4gcp. below top of

-",25.0,peabody_files/Accession Files/16/25_2310.pdf.png
201,2312,Me.152/1," Bluehill Falls, Me.", Nevin Shell Heap ., Tanged arrowpoint .," Trench IC.1, ?gctionigE. Shgft gf?gave 3 in",25.0,peabody_files/Accession Files/16/25_2312.pdf.png
202,2314,Me.152/1," Bluehil]. Falls,", Nevin Shel‘. Heap‘, Broken felsite k1," Trench IC.2, Section 2E. NE. corner, abov

A4""_,, ‘3..-",25.0,peabody_files/Accession Files/16/25_2314.pdf.png
203,2316,Me.152/1," Bluehill Falls, Me.", Nevin Shell Heap., Point of spear head.,8mm“ Trench 10.2? Section 2B. In lower part of shell,25.0,peabody_files/Accession Files/16/25_2316.pdf.png
204,2324,Me.152/1," Blue‘hill Falls, Me.", Nevin Shell Heap .," 2 pieces of badly erod

‘ .‘_-"," Trench 10.8, Sectémr} 8E. S.W. corner of section",25.0,peabody_files/Accession Files/16/25_2324.pdf.png
205,2325,Me.152/1," Bluehill Falls, Me.", Nevin Shell Heap ., Plummet .," _'rr_ench 10.3, Section 2E. In rock ”circle“ iust",25.0,peabody_files/Accession Files/16/25_2325.pdf.png
206,2328,Me.152/1," Bluehill Falls, Me.", Nevin Shell Heap., Small plummet .,"Sitmtion Trench IC.’< -, Section 2E. In pocket of ledsze in",25.0,peabody_files/Accession Files/16/25_2328.pdf.png
207,2331,Me.152/1," 911.9314. 4‘I '1 17,51 ‘1 ,— 1!
._ N _. . ’","

I

v
m‘.’

u
7.1""

tram 1

*Inp. ..", Worked m-vn'r'df‘i.s.. :,"' ' .-= *3 An .
Situatlon ""French T 1 CDP"" .nn '7‘ .. PW.

‘- .
..,.A) _ . . ..
3

1m] 0w IA . l /1",25.0,peabody_files/Accession Files/16/25_2331.pdf.png
208,2332,Me.152/1," PiurT‘wTW‘i 17,11“ """," T?e~.~""""71 .‘7‘. ‘11.? V17"".", ETC-Grin t?oth Chiffpj‘,"-- -- - ~ ~. h.“ ._. ‘0..= ..

o . __ -_ - _ . I",25.0,peabody_files/Accession Files/16/25_2332.pdf.png
209,2333,Me.152/1,"L°°a1ity T'ue‘hil'l “Min. v
. - .._. ,"," ”,1"": “ aptly! 1 Ln. ..
- - W . ...",J Fr?gmnn‘r of 171015“,"Situatmn TT""TIC"""" ""'9‘ 3‘ 7r‘0f4qyw 5-7"" 71031.4 ‘pn‘lnm TA “’1‘

— c: ) A. -‘ -—'--A'.'l.'4.
_'__ ~'1__'I‘ .B'1_AV__1 ‘_.. _‘",25.0,peabody_files/Accession Files/16/25_2333.pdf.png
210,2334,Me.152/1," ”T 1' r37?"" ‘i 1‘. 7

37,11...

2

I!"," ' ' ‘ r“ ‘
y . u C‘
\. .‘. . I _
? 7; _ . . 1 .1 I}, J."," F1 Sh ‘V‘W‘ f‘ .'.‘."":r‘:'. .

._ ....","Skua?on

'T‘T-nanfu‘px

TA

v

n

J

Snofian QT

- 0

PI‘

fun. .

R07 my;

.9 .

n [1

-v",25.0,peabody_files/Accession Files/16/25_2334.pdf.png
211,2335,Me.152/1,"- .- Ti‘r'11 ~ E""
Locallty ‘.-""',‘,‘-‘v1HI"" f.) ..",nan,"""- ?“Ptv-v‘n '5 V1!-"," T-g-nyfy '3‘ v Smap‘kiqn f}? drum,- 1"",-u-- Tn vH-v

   

J

v . ,. -|'l-",25.0,peabody_files/Accession Files/16/25_2335.pdf.png
212,2336,Me.152/1,"h .1 .,
y ”3‘1. ._ _
~~'1u.-.-.

lit .

Loca

731%?"," "" '
my». ?‘ mi“ ”1 1 17.. ..",nan,". - . .- u ‘ - . a-.. 'rgq ?/?t""
Situatwn Trn?nh I"" f"" 7r~¢+j?fj V‘?‘ ""'9'. hr‘l' _ __ _

o .

 

,1_-v-w 1",25.0,peabody_files/Accession Files/16/25_2336.pdf.png
213,2337,Me.152/1," 75.71:»?T‘511 V?'T‘r‘. T'

‘ J",nan," Swim"" 'b'N'Zé‘

. A_. ‘. c","

mvnwp?

..

U.""

-u n-

.

on?+4nn

. . .

“T.”

-.r\

,-\¢~.",25.0,peabody_files/Accession Files/16/25_2337.pdf.png
214,2338,Me.152/1," ”~77 1.1.9341"" 797.7 ""

J","

1‘- W... 4 .-

{I‘l- 51-1"," FO'WV‘T T0017“. Chis-""5‘"," T11 07‘ CT"":",25.0,peabody_files/Accession Files/16/25_2338.pdf.png
215,2339,Me.152/1,"- . .11
I I I. nq?
oca D [I .
lty _ .

7’1”?"" r'

J

v","

VV

(\Vr': ---‘","

Broken bnnc 9wl.","

m'v-rqa (‘1:

TA

A

,..",25.0,peabody_files/Accession Files/16/25_2339.pdf.png
216,2340,Me.152/1," Bluehill Falls, Me.", Nevin Shell Hear ., Eye end of needle.," Trench IA_.3, Sgctign 231:3. _In humu§ and pebbles,",25.0,peabody_files/Accession Files/16/25_2340.pdf.png
217,2344,Me.152/1," Bluehill Falls, Me.", Nevin Shell Heap., Broken worked antler.,"Situ??m Trench IB, Section 2313. Black humus, just below",25.0,peabody_files/Accession Files/16/25_2344.pdf.png
218,2346,Me.152/1," Bluehill Falls, Me.", Nevin Shel] Heap., Bone needle .," Trench IE, Section 3E. In ""spider's nest""

—— I‘—",25.0,peabody_files/Accession Files/16/25_2346.pdf.png
219,2348,Me.152/1," Bluehill Falls, lie.", Nevin Shell Heap., Fragment of fish bone," Trench 18, Section 23E. Stake section in fish

___‘I -",25.0,peabody_files/Accession Files/16/25_2348.pdf.png
220,2350,Me.152/1," Bluehill Falls, Me.", Nevin Sh e11 He”? -, Fragment of bone harpo," Trench 18.1, Section 2E. Humus.",25.0,peabody_files/Accession Files/16/25_2350.pdf.png
221,2351,Me.152/1," Pluehill Falls, Ile.", Nevin Shell Heap., Broken bone implement.," Trench 113.1, Section SE. Grave 6 — humus.",25.0,peabody_files/Accession Files/16/25_2351.pdf.png
222,2355,Me.152/1," Bluehill Falls, Me", Nevin Shel] Heap ., Piece of sawed bone," Trench IB.5, Section 2B. In shells below plo‘",25.0,peabody_files/Accession Files/16/25_2355.pdf.png
223,2356,Me.152/1," Bluehill Falls, Lie.", Nevin Shell Heap ., Beaver tooth chisel.,"Sim?on Trench IB.3, Section BE. Below 2nd shell lave:-",25.0,peabody_files/Accession Files/16/25_2356.pdf.png
224,2359,Me.152/1," Bluehill Falls

£1", Nevin Shell Heap ., Fragment of beaver too," Trench 113.3, Sec‘rion BE. Black humus 510m.

[—",25.0,peabody_files/Accession Files/16/25_2359.pdf.png
225,2360,Me.152/1," Bluehill Falls, Lie.", Nevin Sh ell Heap., Used antler tine.," Trench 10 Section PE. In shells above plow

-L — . __I-_",25.0,peabody_files/Accession Files/16/25_2360.pdf.png
226,2362,Me.152/1," Bluehil‘l‘ Falls, lie.", Nevin Shell Heap., Broken unfinished bone,"3mm” Trepch IQ, Segtjion 23. In humus to south of",25.0,peabody_files/Accession Files/16/25_2362.pdf.png
227,2364,Me.152/1," Bluehill Falls, lie.", Nevin Shell Heap ., Beaver tooth chisel.,"situation Z‘rqnch jig, Section 2E. In hwrms just below",25.0,peabody_files/Accession Files/16/25_2364.pdf.png
228,2365,Me.152/1," Bluehil‘. Falls, Me.", Nevin Shell Heap ., Saved bone .," Trench 10 Section BE. In humus below 2nd Shel?

’",25.0,peabody_files/Accession Files/16/25_2365.pdf.png
229,2367,Me.152/1," Bluehill Falls, Me.", Nevin Shell Heap ., Worked beaver tooth.,"Simtion Trench 10.1, Section 2E. I‘LW. 'comer at plow",25.0,peabody_files/Accession Files/16/25_2367.pdf.png
230,2371,Me.152/1," Bluehill Falls, Me.", Nevin Shell Heap ., Broken bone pike head.," Trench 10.1, Section 2311'. In black bums and

_‘L1,'I A-",25.0,peabody_files/Accession Files/16/25_2371.pdf.png
231,2372,Me.152/1,"l Bluehill Falls, Le.", Nevin Shell Heap ., Perforated butt of ha:,Sim?m Trench 10.11 Section 2E.. In S.E. corner 41cm.,25.0,peabody_files/Accession Files/16/25_2372.pdf.png
232,2374,Me.152/1," Bluehill Falls, Me.", Nevin Shel]. Heap ., Broken needle.,"Sim?on Trench _IC_. 2, Section 2E. S.E. corner 91: bottom",25.0,peabody_files/Accession Files/16/25_2374.pdf.png
233,2376,Me.152/1, Blueh 111 Fall 8, Nevin Sh e11 He:, Pot shard.,"Situa?m Trench IA.Z, Section 23. Above plow line",25.0,peabody_files/Accession Files/16/25_2376.pdf.png
234,2379,Me.152/1," Bluehill Falls, Me.", Nevin Shell Heap ., Rim sherd.,"Situa?m Trench 13, Section 313‘. Shells at plow line.",25.0,peabody_files/Accession Files/16/25_2379.pdf.png
235,2383,Me.152/1,,"S

1t:

w

.
m-r r 1""

?anww

1-.

_.-.In_ ,-",nan, Trmnpf‘ T '3,25.0,peabody_files/Accession Files/16/25_2383.pdf.png
236,2384,Me.152/1," Pluehill Falls, Lie.", Nevin Shell Heap ., Potsherds.,Sit‘mim Tyench 93.11 Sectipn 2E. Above an_d below plow,25.0,peabody_files/Accession Files/16/25_2384.pdf.png
237,2386,Me.152/1,nan,nan,nan," "".""I‘E-‘?n‘r‘. 31.3..“ ”3904:17/‘7‘ 3"""" 7“ rf‘wra'U."" 1'~r1‘l-n-r vi""- ?vr

~u ’ I I"" h“ ‘",25.0,peabody_files/Accession Files/16/25_2386.pdf.png
238,2387,Me.152/1," n}?j0?‘ilj ”Pu-11v

. . . m. ;
J",, Patdhr?s.," Twp—13 h“ 7‘“: _ f"" 2"" .‘? f""- 1' n V‘ 1'“ ' 'h 5:11}- :-. w'l 5,1}- 1 ""7 Y1 n

J ' -",25.0,peabody_files/Accession Files/16/25_2387.pdf.png
239,2388,Me.152/1," ‘P‘?‘?-‘Hi11 ""‘ 11
> ~ . ‘ ;. .-. : I. 1‘ r‘ ‘ '
.. ’ --.r‘ .","

’3

n’.’

”.1-

(v:

??

11.

11

.Drjx‘", I’a‘cshr‘r?rv,"SituatiO? Tit-“‘90:“. I?” ’-’ ?‘:-""vcf‘i.""‘:"" T"" I“ Trz'wv."" ~'1~:~.4: 'm? ~-

~ '1-\ U",25.0,peabody_files/Accession Files/16/25_2388.pdf.png
240,2389,Me.152/1," 33111-5?) 4"" 1 Th1 1 C ‘ ',-\_

, a. a","S

lte

var-ih

f

in ,n 'I.

11,56",nan," T-rrxipr $3.7 :- Cm?‘in“ or 1-,,-",25.0,peabody_files/Accession Files/16/25_2389.pdf.png
241,2390,Me.152/1," 777.111'7b171'1 ?aw

~ I .1. o","Sxte vmn'w ?1mw1 ""—
.. ‘ .--_ . .‘Li-.""“”'

0",nan," T‘TF‘T'WR?‘ Tn ' 'T , '1 «",25.0,peabody_files/Accession Files/16/25_2390.pdf.png
242,2391,Me.152/1,"

“""‘f‘hi'?

T3” 1 1' *1","

T7”‘-'4_“

""1‘ .""I 1

qua-r-", P?tsher?s .," TT'""”""(“_-! 7:“ '7 ""n?'?w'r-‘w “'7' Tr '9‘“! ”(Jr 11nws-1n

O V, ’ . , v -. s. u .u. .4 _ .. ~ uxil

. Q ~-— __ r‘ . . h?",25.0,peabody_files/Accession Files/16/25_2391.pdf.png
243,2392,Me.152/1,"Loc '
aht
Y T’l'v??'” ""‘
WIT.“ ""
I “I”?!",nan,"

'1:
o
c‘l'
+

01‘""?","SItuatlon m1. p ,. PH ‘v‘h
_ _. .7 - “n?+€A"" F“ *

 

- ~",25.0,peabody_files/Accession Files/16/25_2392.pdf.png
244,2394,Me.152/1," Bluehill Fells, Me.", Nevin Shell Heap ., Pot shards .,"Sim?m Trench IB.3, Section 2E. In humus above 2nd",25.0,peabody_files/Accession Files/16/25_2394.pdf.png
245,2395,Me.152/1," Bluehill Falls, Me.", Nevin Shell Heap ., Pot shard.,"Situa?on Trench IB.3, Section 2E. In humus below 2nd she}",25.0,peabody_files/Accession Files/16/25_2395.pdf.png
246,2396,Me.152/1," Bluehill Falls, Me.", Nevin Shell Heap ., Pot sherd .," Trench IB. _,3 Spction 8E. In humus below rock

uln—",25.0,peabody_files/Accession Files/16/25_2396.pdf.png
247,2397,Me.152/1," Bluehill Falls, Me.", Nevin Shell Heap.,Nine Po't shard.,"5mm“ _Tr_ench IB. 3, Section 2E. In black humus 190m.",25.0,peabody_files/Accession Files/16/25_2397.pdf.png
248,2398,Me.152/1,"l Bluehill Falls, Me.", Nevin Shell Heap., Pot shards .," Trench IB. 3, Section 2E. In humus 220m. below

TD '5 [11‘",25.0,peabody_files/Accession Files/16/25_2398.pdf.png
249,2401,Me.152/1," Bluehill Falls, me.", Nevin Shell Heap -,N?me Pot shards .," '_I‘:pench IC, Section 21E. In shells above plow",25.0,peabody_files/Accession Files/16/25_2401.pdf.png
250,2403,Me.152/1," Eluehill Falls, Me.", Nevin Shell Heap.,N‘mc Pot aherd .," Trench IC..3, S_ec:c_ion 2E. On top of stone circle,.",25.0,peabody_files/Accession Files/16/25_2403.pdf.png
251,2404,Me.152/1," Bluehill Falls, Me.", Nevin Shell Heap ., Pottery .," Trench 10.3 Section 2E. ’N.W. corner in

-L—.‘L- _._.",25.0,peabody_files/Accession Files/16/25_2404.pdf.png
252,2411,Me.152/1," Bluehill Falls, Lie.", Nevin Sh ell Heap ., Butt of spear head.," Trench IA.Z, Section 3E. T03“, of shells.",25.0,peabody_files/Accession Files/16/25_2411.pdf.png
253,2416,Me.152/1," Bluehill Falls, Me.", Nevin She11 Heap ., Butt of Spear head.,"3mm” Trench IB, Section 3E. In upper shell.",25.0,peabody_files/Accession Files/16/25_2416.pdf.png
254,2418,Me.152/1," Bluehill Falls, Me.", Nev in Shell 38:};, Piece of broken plume," Trench IB. 1 Section 3E. In light humus and

.‘A'I—L‘I -—",25.0,peabody_files/Accession Files/16/25_2418.pdf.png
255,2420,Me.152/1," Bluehill Falls, Me.", Nevin Shell Heap .,NW Unfinished plummet .,"Situa?on Trgngh IB.1, Segtipn_ 5E; She_11_ flecked humus am

~_ - IA—",25.0,peabody_files/Accession Files/16/25_2420.pdf.png
256,2427,Me.152/1," Bluehill Falls, Me.", Nevin Shell Bee 3» ., Worked chip .,"3mm“! Trench IB.3, Section 3E. Above plow line.",25.0,peabody_files/Accession Files/16/25_2427.pdf.png
257,2430,Me.152/1," Bluehill Falls, Lie.", Nevin Shell Heap ., Broken knife point.,"Sim?on Trench 13.3, Section 3E. 30cm. below IB.3/2E",25.0,peabody_files/Accession Files/16/25_2430.pdf.png
258,2431,Me.152/1," Bluehill Falls, 116.", Nevin Shell Hear?“, Broken felsite knife.," Trench 13.3, Section 3E. 310m. below IB.z/2E.",25.0,peabody_files/Accession Files/16/25_2431.pdf.png
259,2432,Me.152/1," Bluehill Fells, Lie.", Nevin Shell Hem“., Unfinished arrowpoi:," Trench 113.3, Section 3E. 69cm. below IB.3/2E",25.0,peabody_files/Accession Files/16/25_2432.pdf.png
260,2434,Me.152/1," Bluehi‘Jl Falls, Me", Nevin Sh 911 Hea p ., Large plummet .," Trench 18.3, Section 3E. 70cm. below 13.3/3:

J.- 13...: -L‘W‘I 1---..—",25.0,peabody_files/Accession Files/16/25_2434.pdf.png
261,2435,Me.152/1," Bluehill Falls, He.", Nevin Shell Heep., Adze .,"Sima?m TrenchJBJ’g, Section 3E. 2nd shell laver_ 78cm.",25.0,peabody_files/Accession Files/16/25_2435.pdf.png
262,2436,Me.152/1," Bluehil]. Fells, Me.", Nevin Shell Heap., Arrowpoint .,"Snm?ml Trench IB.3

1’“ .- Ins-I

, Section 3E. In shells 18cm. below",25.0,peabody_files/Accession Files/16/25_2436.pdf.png
263,2442,Me.152/1," Bluehill Falls, Me.", Nevin Shell Heap .,Nme Plummet .," Trench 113.3, Section 31:. 55cm. below IB.3/3E

(.— L15A1- L-._.-- -__1 __1_1_1__",25.0,peabody_files/Accession Files/16/25_2442.pdf.png
264,2444,Me.152/1," Bluehill Falls, Me.", Nevin Shell Heap ., ArrOWpoint .,"85mm“ Trench IC, Section 3E. Stratum I, W. part of",25.0,peabody_files/Accession Files/16/25_2444.pdf.png
265,2447,Me.152/1," Bluehill Falls, Lie.", Nevin Shell Heap .,"

Adze.","smut“! Trench IO, Section 3E. In mixed fill and humus,",25.0,peabody_files/Accession Files/16/25_2447.pdf.png
266,2448,Me.152/1," Bluehill Falls, lie.", Nevin Shell Heap.,NIme Gouge .," Trench 10, Section 32. On 33.: line in uzsper

..__.l_ -5 _L 1-1 ‘ ‘l",25.0,peabody_files/Accession Files/16/25_2448.pdf.png
267,2449,Me.152/1," Bluehill Falls, Lfe.", Nevin Sh e11 Hem ., Adze .,"Situa?m Trench IO, Section 3E. Pottom of shell flecked",25.0,peabody_files/Accession Files/16/25_2449.pdf.png
268,2450,Me.152/1," Bluehill Falls, Me.", Nevin Shell Heap., Whetstone .,"Sim?m Trench IC, Section 23E. Black pebbles and humus.",25.0,peabody_files/Accession Files/16/25_2450.pdf.png
269,2451,Me.152/1," Bluehill Falls, Me.","

Nevin Shell", Notched adze .,"Situa?m Trench IC, Seqtlgn 3E. In tor 0f shell in wall",25.0,peabody_files/Accession Files/16/25_2451.pdf.png
270,2452,Me.152/1," Bluehill Falls, Me.", Nevin Shell Heap ., Broken adze .,"Situa?m Trench IC, SecEionASE; Edge of 2nd shell layer",25.0,peabody_files/Accession Files/16/25_2452.pdf.png
271,2455,Me.152/1," Bluehill F9118, lie.",Si“ Nevin Shell Hear., Plummet .,"Sham“ Trench IC,1, Section 312. In black humus below",25.0,peabody_files/Accession Files/16/25_2455.pdf.png
272,2458,Me.152/1," Bluebill Falls Le.

’", Nevin Shell Heron., Beaver tooth chisel.," Trench n.3, Section 33. 480m. below IA.3/2E",25.0,peabody_files/Accession Files/16/25_2458.pdf.png
273,2459,Me.152/1," Bluehill F9118 M

’", Nevin Shell Heap., Beaver tooth chisei," Trench IA.3, Section 3E. 48 cm below IA.",25.0,peabody_files/Accession Files/16/25_2459.pdf.png
274,2462,Me.152/1,"I l
l Blue‘nill Falls, lie.", Nevin Shell Benn., 8 pierced canine toot‘r," Trench IB, Section 3E. 59cm. below 13/23 in",25.0,peabody_files/Accession Files/16/25_2462.pdf.png
275,2465,Me.152/1,i Bluehill Falls?laine., Nevin Shell Heap., Barbed bone arrowDoint," Trench IB.1, Section SE. 49cm. below IB.1/3E",25.0,peabody_files/Accession Files/16/25_2465.pdf.png
276,2466,Me.152/1," Bluehill Falls, Lie.", Nevin Shell Heap., Swordfish sword.," Trgnch‘ _II_3.1, §§ctiop _3E Shell flecked humus

—_ - [——",25.0,peabody_files/Accession Files/16/25_2466.pdf.png
277,2469,Me.152/1," Bluehill Falls, ue.", Nevin Sh e11 Heap ., Worked beaver tooth.," Trench IB.2 Section 3E. Above plow line.

’",25.0,peabody_files/Accession Files/16/25_2469.pdf.png
278,2470,Me.152/1," Bluehill Falls, Lie.", Nevin Shell Heap ., ‘ Barbed bone arrowpoint,"Sham“ 'grenph IB.2, Section 312. 50cm. below IB.2/2E_",25.0,peabody_files/Accession Files/16/25_2470.pdf.png
279,2472,Me.152/1," Bluehill F? 11$ lie.

’", Nevin Shell Heap., Bone flasher.," Trench 18.23, Section 312. West wall in humus.",25.0,peabody_files/Accession Files/16/25_2472.pdf.png
280,2477,Me.152/1,"Site No. Me Bluehill Falls, Me.",-........ prune“ neeme \b plece,nan,nan,25.0,peabody_files/Accession Files/16/25_2477.pdf.png
281,2482,Me.152/1," Bluehill Falls, Me.", Nevin Shell Heap ., Fragment of turtle she‘," Trench IC, Section 3E. In red ochre east of",25.0,peabody_files/Accession Files/16/25_2482.pdf.png
282,2487,Me.152/1," Bluehil‘L Falls, Me.", Nevin Shel 1 He ap ., Broken barbed bone arr," Trench 10.1, Section 3E. On top of shells at",25.0,peabody_files/Accession Files/16/25_2487.pdf.png
283,2490,Me.152/1," Bluehill Falls, Me.", Nevin Sh ell Heap ., Broken beaver tooth ch,"Situa?m Trench 10.1, Section 3E. In middle near‘westen}",25.0,peabody_files/Accession Files/16/25_2490.pdf.png
284,2491,Me.152/1," Bluehill Falls, Me.", Nevin Shell Hea‘. ., Piece of out bone.," Trench 10.1, Sectipn 3E. _ I31 mi§dl_e peg; §outherz",25.0,peabody_files/Accession Files/16/25_2491.pdf.png
285,2492,Me.152/1," Bluehill Falls, He.", Nevin Shell Heap ., Pot shard .," Trench IB.1, Section 3E. West wall — upper",25.0,peabody_files/Accession Files/16/25_2492.pdf.png
286,2495,Me.152/1," Bluehill Falls, Me.", Nevin Shell Heap., 3 potsherds.,"Situa?m Trench IB.3, Sectior} 53E. 290m. deep from IBS/ZE",25.0,peabody_files/Accession Files/16/25_2495.pdf.png
287,2497,Me.152/1," Bluehill Falls, Me.", Nevin Shell Heap., Pot shards ., ??en°h IC Section 3E. In shells above plow,25.0,peabody_files/Accession Files/16/25_2497.pdf.png
288,2499,Me.152/1," Bluehill Falls, Me.", Nevin Shell Heap., Potsherds .," Trench 10.]. Section (E. Southwestern corner 1‘

H n,- _.L ,__-I , _'I -11",25.0,peabody_files/Accession Files/16/25_2499.pdf.png
289,2500,Me.152/1," Bluehill Falls, Me.", Nevin Shell Heap ., Pot shards .,"Situa?m Trench 10.1, Section 3E. In shells under stones",25.0,peabody_files/Accession Files/16/25_2500.pdf.png
290,2502,Me.152/1," Bluehil’l Falls, Me.", Nevin Shell Heap .,NW Tip of plummet., Grave 5. #204 on field_ch_ar1:_. In_Egst central,25.0,peabody_files/Accession Files/16/25_2502.pdf.png
291,2503,Me.152/1," Bluehill Falls, Me.", Nevin Shell Heap.,"

Plummet .",Situa?m Grave 5. #218Aon fgeld chart. Just East of,25.0,peabody_files/Accession Files/16/25_2503.pdf.png
292,2504,Me.152/1," 311101111]. 19.11., Io.", lain 811011 Heap.,"N‘m"" Largo worked atone."," 2434 found in 18. 1/6! in sterile 0011:

QEAQ 3—“ ?“_- n....; 1 I-—- , a - _ -",25.0,peabody_files/Accession Files/16/25_2504.pdf.png
293,2507,Me.152/1," Bluehill Falls, Lie.", Nevin Shell Heap ., Foreshaft of swordfish,3mm“! Grave 5. Immediately north of the moose antler.,25.0,peabody_files/Accession Files/16/25_2507.pdf.png
294,2508,Me.152/1," Bluehill Falls, Me.", Nevin Shell Heap .,N'me Single barbed harpoon.,31mm” Grave 5. Immediately north of moose antler.,25.0,peabody_files/Accession Files/16/25_2508.pdf.png
295,2509,Me.152/1," Bluehill Falls, Lie.", Nevin Shell Heap ., Swordfish sword pikehe,"Sim“ Grave 5. {:20_2_ on fi_e_ld chart. On east side,",25.0,peabody_files/Accession Files/16/25_2509.pdf.png
296,2511,Me.152/1," Bluehill Falls, Me.", Nevin Shell Heap .,Nine Bone pendant .,Situ‘tion Grave 5. Just north of moose antler and near,25.0,peabody_files/Accession Files/16/25_2511.pdf.png
297,2512,Me.152/1," Bluehill Falls, Me.", Nevin Shell Heap ., Hand bones and bones o,3mm” Grave 5. #204 on field chart. In SJ'I. corner.,25.0,peabody_files/Accession Files/16/25_2512.pdf.png
298,2514,Me.152/1," Bluehill Falls, Me.", Nevin Shell Heap .,"Nam Fragment of swordfish

1.--:",Sim“ Grave 5. On_ loobe peb'ples in south central part,25.0,peabody_files/Accession Files/16/25_2514.pdf.png
299,2517,Me.152/1," Bluehill Falls, Me.", Nevin Shell Heap .,Nlme Bone dagger .,Sim?m Grave 5. #213‘onifield chart. On red ochre,25.0,peabody_files/Accession Files/16/25_2517.pdf.png
300,2518,Me.152/1," Bluehill Falls, Me.", Nevin Shell Heap., 5 perforated canine to,"Sim?m Grave 5. #209, 210 on field chart. Near

v. nI—q-I",25.0,peabody_files/Accession Files/16/25_2518.pdf.png
301,2520,Me.152/1,"Losality Bluehill Falls, Me", Nevin Shell Heap ., Bone dagger .,"Simm grave 5._ #53168, 216J on field chm-13. 7.2169,

.- A‘A-",25.0,peabody_files/Accession Files/16/25_2520.pdf.png
302,2522,Me.152/1,"} LOW“? Bluehill Falls, Me.", Nevin Shell Heap.,NW Bone dagger.,51““ Grave 5. ‘ #216D on field chart. Parallel to,25.0,peabody_files/Accession Files/16/25_2522.pdf.png
303,2524,Me.152/1," Bluehill Fans, Me.", Nevin Shell Heap .,"

Bone aw]. .",8mm” Grave 5. #21618 01:1 field chart. Just west of,25.0,peabody_files/Accession Files/16/25_2524.pdf.png
304,2525,Me.152/1," Bluehill Falls, Me.", Nevin Shell Heap .,I Broken bone dagger.,"Sitwion Grave 5;,33379. #2161“ on field chart. manta-Im—",25.0,peabody_files/Accession Files/16/25_2525.pdf.png
305,2527,Me.152/1," Bluehill Falls, Me.", Nevin Shell Heap ., Bone dagger .,3mm“! Grave 5. #21611 or} fiplgi chart. Parallel to,25.0,peabody_files/Accession Files/16/25_2527.pdf.png
306,2528,Me.152/1," Bluehill Falls, Me.", Nevin Shell Heap ., Bone dagger - 3 scraps,"Sim?m Gg'ave 5- #3161 on field chart. Parallel tn

A--",25.0,peabody_files/Accession Files/16/25_2528.pdf.png
307,2529,Me.152/1," Bluehill Falls, Me.", Nevin Shell Heap .,Nine Small and - 4 pieces.,$131350“ Grave 5. #216L on field chart. Beneath bird,25.0,peabody_files/Accession Files/16/25_2529.pdf.png
308,2530,Me.152/1,"I Bluehill Falls, Me.", Nevin Shell Heap .,I 3 pieces of perforated,Sim?m Grave 5. #21611 on field chart. Overlvins: awl,25.0,peabody_files/Accession Files/16/25_2530.pdf.png
309,2531,Me.152/1," Eluehill Falls, Me.", Nevin Shell Heap .,Nlme Flat bone points - 3 p,"Sim?m (gave 51 #216 9_ OP fie1d_c1_1art. Flat side to

Ila-I A.-",25.0,peabody_files/Accession Files/16/25_2531.pdf.png
310,2533,Me.152/1," Bluehill Falls, Me.", Nevin Shell Heap .,Nam Bone dagger.,Sim?m Grave 5._ #216N on f_ie1d ch 1:12. Parallel to,25.0,peabody_files/Accession Files/16/25_2533.pdf.png
311,2534,Me.152/1," Bluehill Fans, :", Nevin Shell Hea p.,"Nlme Out and perforate

1.1—3 1.....","Shim Grave S. #216P on field chart. Parallel 1:

""an AC.",25.0,peabody_files/Accession Files/16/25_2534.pdf.png
312,2535,Me.152/1," Bluehill Falls, Me", Nevin Shell Heap ., Perforated canine 1, Grave 9. #‘2;'_549n f_1e}d_chart. Between femur,25.0,peabody_files/Accession Files/16/25_2535.pdf.png
313,2536,Me.152/1," Bluehill Falls, Lie.", Nevin Sh 911 Heap .," Beaver tooth, perforat","Situa?On Grave 5. #221 on field chart. Slightly west

AGA",25.0,peabody_files/Accession Files/16/25_2536.pdf.png
314,2537,Me.152/1," Bluehill Falls, 1! .", Nevin Shell Heep., Point of out bird bone,Sim?m Grave 5.5421662 on field chpr‘t. With tool group,25.0,peabody_files/Accession Files/16/25_2537.pdf.png
315,2538,Me.152/1," Bluehill Falls, Lie.", Nevin Shell Heep .,Nme‘ Broken needle .,"Situ?tion Grave 5. ”#208 on field chart. I! _

A Q'YT",25.0,peabody_files/Accession Files/16/25_2538.pdf.png
316,2540,Me.152/1," Bluehill Falls, Me.", Nevin Shel]. Heap., Bone awl (broken).," Grove 5. #ng on field chart. S.“I. corner of

A--",25.0,peabody_files/Accession Files/16/25_2540.pdf.png
317,2542,Me.152/1," Bluehill Falls, Me.", Nevin Shell Heap ', Small barbed bone arro," Era-V3.5 #235 on_ f1¢1_d char?. East side of

a n—‘- ,7 _",25.0,peabody_files/Accession Files/16/25_2542.pdf.png
318,2543,Me.152/1,"locality Bluehill Falls, Me.", Nevin Shell Heal“ -, Small bone point.,"#236 on field chart.

Just west of",25.0,peabody_files/Accession Files/16/25_2543.pdf.png
319,2544,Me.152/1," Bluehill Falls, Me.", Nevin Shell Heap., Perforated canine tobtl,Sim‘im Grave 5. #237 on field chart. Part of,25.0,peabody_files/Accession Files/16/25_2544.pdf.png
320,2545,Me.152/1," Bluebill Falls, Me.", Nevin Shell Heap ., 1:0 perforated canine 1:,"Sim“ grave 5. #238 on field chart. Earnt HM» M""",25.0,peabody_files/Accession Files/16/25_2545.pdf.png
321,2546,Me.152/1," Bluehill Falls, Me.", Nevin Shell Heap ., 3 pieces of needle.," Eggye‘s. #237 on field chart. East side of

v-'",25.0,peabody_files/Accession Files/16/25_2546.pdf.png
322,2547,Me.152/1," Bluehill Falls, Me.", Nevin Shell Heap., Needle - 2 pieces.,Bimini” Grave 5. #240 on field chart. Among beaver,25.0,peabody_files/Accession Files/16/25_2547.pdf.png
323,2548,Me.152/1," Bluehill Falls, Me.", Nevin Shell Heap .,NW Butt of bone pikehead.,Sim?on Grave 5. Burial v. #264‘on_fi_elg1_char’g._ Igorth,25.0,peabody_files/Accession Files/16/25_2548.pdf.png
324,2549,Me.152/1," Bluehill Falls, me.", Nevin Shell Heap ., Bird bone .,"Sim?on Grave 5. Burial V. “261 on field chart. Just

A- __)_1_ -3 _V___‘I‘I 1.--‘ 1-....._ I... 1—...m.n n-nA nnkk1an",25.0,peabody_files/Accession Files/16/25_2549.pdf.png
325,2550,Me.152/1, Bluehill Fans; Me., Nevin Shell Heap.,Nm Fragments of bone dagg,Sim?m Grave 5. Burial V. _-%262 on field chart. On,25.0,peabody_files/Accession Files/16/25_2550.pdf.png
326,2552,Me.152/1,"r Bluehill Falls, Me.", Nevin Shell Heap .,Nae Butt of pikehead.,Sham“ Grave 5. Burial v. #365 on field chart.,25.0,peabody_files/Accession Files/16/25_2552.pdf.png
327,2553,Me.152/1," Bluehill F?lls, Lie.", Nevin Sh ell Hemp ., 2 perforated canine to," Grave 5. Burial VII. #310 on field ch2rt.

A“ .LA. ,n,_AL __Qs_ _Q,,‘I‘I",25.0,peabody_files/Accession Files/16/25_2553.pdf.png
328,2557,Me.152/1," Bluehill Falls, Lie.", Nevin Shell Heap., Teeth associated with,Sim?OB Grave 5. Burial VI. #3345 on field chart.,25.0,peabody_files/Accession Files/16/25_2557.pdf.png
329,2560,Me.152/1,"Site No. Me Bluehill Falls, Lie.","“-""‘“' UGGVU‘ UUUUH UuJ-DCLD",nan,nan,25.0,peabody_files/Accession Files/16/25_2560.pdf.png
330,2561,Me.152/1,"Site No. Me Bluehil‘l Falls, Me.","-1Av-su

V“ UVIIU

A",nan,nan,25.0,peabody_files/Accession Files/16/25_2561.pdf.png
331,2562,Me.152/1,"Site No. Me Bluehill Falls, Me.","_-—-y

uul‘ge 1nclBed bone awl",nan,nan,25.0,peabody_files/Accession Files/16/25_2562.pdf.png
332,2565,Me.152/1,"Site No. Me Bluehill Falls, Me.",“we rlece of worked antler,nan,nan,25.0,peabody_files/Accession Files/16/25_2565.pdf.png
333,2572,Me.152/1," Bluehill Falls, Me.", Nevin Shell Heap ., 2 shattered bone pike ‘,Sim?OD Grave 5. Burial VI. #280 on field chart.,25.0,peabody_files/Accession Files/16/25_2572.pdf.png
334,2573,Me.152/1," Bluehill Falls, Me.", Nevin Shell Heap., Eye of needle.,Sin-185°“ Grave 5. Below Buriel V. 420m. below grave,25.0,peabody_files/Accession Files/16/25_2573.pdf.png
335,2576,Me.152/1," Bluehill Falls, Me.", ‘ Nevin Shell Heap., Brok'en skinning knife.,"Situ?m Trench _IB, gagction 4E. In turf roots and shells",25.0,peabody_files/Accession Files/16/25_2576.pdf.png
336,2577,Me.152/1," Bluehill Falls, Me.", Nevin Shell Heap ., Broken plummet .,"Sim?‘m Trench _IB, Section 4E. .In shells and turf roots",25.0,peabody_files/Accession Files/16/25_2577.pdf.png
337,2578,Me.152/1," Bluehill Falls, Lie.", Nevin Shell Heap ., Skinning knife (unfini,"Sim?m Trench IB, Section 4E. Below first shells in",25.0,peabody_files/Accession Files/16/25_2578.pdf.png
338,2579,Me.152/1," Bluehill Falls, Me.", Nev in Shell Heap -,"

Plummet .","5mm” Trench 113, Section 4E. In shells above plow line",25.0,peabody_files/Accession Files/16/25_2579.pdf.png
339,2580,Me.152/1," Bluehill Falls, Me.", Nevin Shell Heap .,Reject.,"Sim?on Trench 13, Section 4E. Bottom of 2nd shell",25.0,peabody_files/Accession Files/16/25_2580.pdf.png
340,2581,Me.152/1," Bluehill Fans, Me.", Nevin Shell Heap., Broken whetstone.,"Situa?m Trench 18, Section 4E. In humus below 2nd shell",25.0,peabody_files/Accession Files/16/25_2581.pdf.png
341,2582,Me.152/1," Bluehill Falls, Me.", Nevin Shell Heap., Celt .,"Sim?m Trench IB, Section 4E. Humus below 2nd shell",25.0,peabody_files/Accession Files/16/25_2582.pdf.png
342,2585,Me.152/1," Eluehill Falls, Me.", Nevin Shell Heap .,Nlme Plummet .,"Situati‘m Trench IB.1, Section 4B. In humus.",25.0,peabody_files/Accession Files/16/25_2585.pdf.png
343,2586,Me.152/1," Bluehill Falls, Lie.", Nevin Shell Heap ., Whetstone.,"Sim?m Trench IB.1, Section 4E. In humus.",25.0,peabody_files/Accession Files/16/25_2586.pdf.png
344,2588,Me.152/1," Eluehill Falls, Lie.", Nevin Shell Heap ., Notched sinker.," Trench IB.1, Section 4E. Shell—fleoked humus.",25.0,peabody_files/Accession Files/16/25_2588.pdf.png
345,2589,Me.152/1," Bluehill Falls, Me.", Nevin Shell Heap ., Broken plummet .,"Simtion Trench IB.1,¥Sect.ion 4E. Shell flecked humus.",25.0,peabody_files/Accession Files/16/25_2589.pdf.png
346,2590,Me.152/1," Bluehill Falls, Me.", Nevin Shell Heap ., Broken plummet.,"5mm” Trench I_B.1, Section 45:. Shell flecked humus",25.0,peabody_files/Accession Files/16/25_2590.pdf.png
347,2591,Me.152/1," Bluehill Falls, Me.", Nevin Shell Hear.,"

Plummet ."," Trench 18.1, Section 41?. Shell f‘lecked humus",25.0,peabody_files/Accession Files/16/25_2591.pdf.png
348,2592,Me.152/1," Bluehill Falls, L'e.", Nevin Shell Het‘p., Skinning knife .,"s‘m?m Trench IB.1, Section 42: Shell flecked humus,

—_ - l.—",25.0,peabody_files/Accession Files/16/25_2592.pdf.png
349,2594,Me.152/1," Bluehill Falls, L!", Nevin Shell Heap., Broken sawed slate,"Situa?m Trench IB.1, Section 4E. Shel] flecked humu

1-“ a In!!!",25.0,peabody_files/Accession Files/16/25_2594.pdf.png
350,2595,Me.152/1," Bluehill Falls, He.", Nevin Shell Heap .,Nlmc Plummet .,"Sinai“ Trench 18.1, Section 4131. Black humus and",25.0,peabody_files/Accession Files/16/25_2595.pdf.png
351,2596,Me.152/1," Bluehill Falls, Me.", Nevin Shell Heap., Polished slate point.,"Sim?m Trench IB. _1 Section 4E Black humus and

-_- 1-— ‘1‘“, ,1,1-I-‘ nn_-1_-3",25.0,peabody_files/Accession Files/16/25_2596.pdf.png
352,2597,Me.152/1," Bluehill Falls, Lie.", Nevin Shell Heap., Reject.,"Situa?m Trench 18.1, Section gE. lBlaclc humus and",25.0,peabody_files/Accession Files/16/25_2597.pdf.png
353,2599,Me.152/1," Bluehill Falls, lie.", Nevin Shell Heat‘-,Nlme Slat e scraper.," Trench IB.1, Secti?n 43. Black humus and",25.0,peabody_files/Accession Files/16/25_2599.pdf.png
354,2600,Me.152/1," Bluehill Falls, Me.", Nevin Shell Heap.,"

Plummet.","SituatiOn Trench IB.1,_§q¢§ion 4E. Bottom of shells,",25.0,peabody_files/Accession Files/16/25_2600.pdf.png
355,2603,Me.152/1," Bluehill Falls, lie.", Nevin Shell heap-, Arrowpoint .,"Situatim‘ Trench IB.2, Sgction 4E. Shelliflegkedlhumus",25.0,peabody_files/Accession Files/16/25_2603.pdf.png
356,2604,Me.152/1," Bluehill Falls, Me.", Nevin Shell Heap .,"

Adze.","Sihmtion Trench IB.8,_§egt;ign 4E. Shell flecked humus,",25.0,peabody_files/Accession Files/16/25_2604.pdf.png
357,2605,Me.152/1," Bluehill Falls,1ie", Nevin Shell Heap ., Worked felsite.,"Sim?m Trench IB.2, Section 43. On top of let shell",25.0,peabody_files/Accession Files/16/25_2605.pdf.png
358,2607,Me.152/1," Bluehill Falls, :", Nevin Shell Heap., Broken plumet.," Trengh IB.@3 Sec?ign 4E.

Ilr}_black humus an",25.0,peabody_files/Accession Files/16/25_2607.pdf.png
359,2611,Me.152/1, Blueh i], Nevin S‘, Arrowpo," Trench IB.3, Section 4E. In humus",25.0,peabody_files/Accession Files/16/25_2611.pdf.png
360,2616,Me.152/1, Bluehill I4“:, N e vin Sh ell, Plummet .,"Situati‘m Trench IE .5, Section 4E. In humus.",25.0,peabody_files/Accession Files/16/25_2616.pdf.png
361,2618,Me.152/1," Bluehill Falls, Me.", Nevin Shell Heap., Point of broken arrov,"Shad“ Trench IC, Section 4E. In stratum I (shells an

an- .- I—ov-I",25.0,peabody_files/Accession Files/16/25_2618.pdf.png
362,2619,Me.152/1," Bluehill Falls, He.", Nevin Shell Heap ., Crudely chipped stone,"Sim?m Trench IO, Section 4151. In stratum I (shells and",25.0,peabody_files/Accession Files/16/25_2619.pdf.png
363,2620,Me.152/1," Bluehill Falls, Me", Nevin Shel]. Heap ., Small plummet .," Trer‘lch 10, Section 43. Stra tum I (shells snd

0— _. ...",25.0,peabody_files/Accession Files/16/25_2620.pdf.png
364,2622,Me.152/1," Bluehill Falls,‘ Me.", Neyin Shell Heap ., Arrowpoint .,"SituatiOn Trench 10, Section 4E. Stratum I, near 3E line.",25.0,peabody_files/Accession Files/16/25_2622.pdf.png
365,2624,Me.152/1," Bluehill Falls, lie.", Nevin Shell Heap. ., Broken arrowpoint.,"Sim?m Trench IC, Section 4E. Below stratum I in",25.0,peabody_files/Accession Files/16/25_2624.pdf.png
366,2625,Me.152/1," Bluehill Falls, ""0

d§v0", Nevin Shell Heap .,"

Plummet."," Trench Ic, Section 4E. Near 113.3 11ne_ below",25.0,peabody_files/Accession Files/16/25_2625.pdf.png
367,2627,Me.152/1," Bluehiill Falls, Me.", Nevin Shell Heap., Unfinished plummet .,"Situa?m Trench IC, Section 4B. In black humus -— near",25.0,peabody_files/Accession Files/16/25_2627.pdf.png
368,2628,Me.152/1," Bluehill Falls, Me.", Nevin Shell Heap., Plummet .,"Situati°n Trench 10, Section 4E. Along; 3E 11916-12 2nd",25.0,peabody_files/Accession Files/16/25_2628.pdf.png
369,2630,Me.152/1," Eluehill Falls, Me", Nevin Shell Heap., Arrowpoint .,"Situa?m Trench 10.1, Section 4E. Just above plow lin",25.0,peabody_files/Accession Files/16/25_2630.pdf.png
370,2635,Me.152/1," Bluehill Falls, Me.", Nevin Shell Heap., Crude knife.,"Situatim Trench 10.1, Section 4E}. In‘humus and pebbles,",25.0,peabody_files/Accession Files/16/25_2635.pdf.png
371,2636,Me.152/1," Eluehill Falls, Me.", Nevin Shell Heap .,"

Knife.","Situati‘m Trench 10.1, Section 4E. In humus in N.E.",25.0,peabody_files/Accession Files/16/25_2636.pdf.png
372,2637,Me.152/1,"l Bluehill Falls, Me.", Nevin Shell Heap ., Broken adze.,"Situa?m Trench IC.1, Section 43. In humus and nebbles.",25.0,peabody_files/Accession Files/16/25_2637.pdf.png
373,2638,Me.152/1," Bluehill Falls, Me.", Nevin Shell Heap., Large plummet.,"Situa?m"" Trench 10.1, Séction 413'. Deep in humus and",25.0,peabody_files/Accession Files/16/25_2638.pdf.png
374,2641,Me.152/1," Bluehill Falls, lie-", Nevin Shell He‘ay., Point of awl.," Trench I113, Secticm 43. In “bee ch pebbles.",25.0,peabody_files/Accession Files/16/25_2641.pdf.png
375,2643,Me.152/1," Pluehill Falls, lie.", Nevin Shell Heap., Broken bone needle.,"Sim?on Trench IR, Section 4E. Humus below and shell",25.0,peabody_files/Accession Files/16/25_2643.pdf.png
376,2646,Me.152/1,"LOC R 5' q p
Blit '3
Y
-1
1.181""
A111
. C 11
L ’ 1.:", Nevin Shell Theap., Bits of broken needla," Trench 18, Section 4E. In bottom of 8nd Shel",25.0,peabody_files/Accession Files/16/25_2646.pdf.png
377,2649,Me.152/1," Bluehill Falls, Me.", Nevin Shell Heap -, Piece of needle.," Trench 13.1, Sectio? 4E. Bottom of let shell",25.0,peabody_files/Accession Files/16/25_2649.pdf.png
378,2650,Me.152/1," Bluehill Falls, Lie.", Nevin Shell Heap ., Piece of awl.,"Simtion Trench IB.1, Section 4E. Top of shell flecke‘",25.0,peabody_files/Accession Files/16/25_2650.pdf.png
379,2653,Me.152/1," Bluehill Falls, lie", Nevin Shell Heap ., Beaver tooth chise,"Situatim Tgenc? 113."" Section 4?]. Shell flecked humus

I",25.0,peabody_files/Accession Files/16/25_2653.pdf.png
380,2655,Me.152/1," Bluehill Falls

)

<15", Nevin Shell Hem., Unfinished bone needle,"Sim?m Trench IB.1, Section 42. Shell flecked ‘mmnq",25.0,peabody_files/Accession Files/16/25_2655.pdf.png
381,2656,Me.152/1," Bluehill Falls, 178.", Nevin Shell Heap., Splinter awl.,"Situa?m Trench 18.1, Section 413. Shell flec ked humus",25.0,peabody_files/Accession Files/16/25_2656.pdf.png
382,2658,Me.152/1," Bluehill Falls, Lie.", Nevin Shell Heap ., Barbed bone arrow-point," Trench 113.1, Section 43. In shell necked humus»",25.0,peabody_files/Accession Files/16/25_2658.pdf.png
383,2659,Me.152/1," Bluehill Falls, 1'"," ‘Ievin Shel""! Heap", Broken awl .," Trench 13.1/43. Shell flectred humus, ZOcn

— n].—",25.0,peabody_files/Accession Files/16/25_2659.pdf.png
384,2661,Me.152/1,nan, Nevin Shell Heap., Antler tine punch.,"Sim?on Trench IB.1,¥Sect_ion 43. Shell flecked humus.",25.0,peabody_files/Accession Files/16/25_2661.pdf.png
385,2662,Me.152/1," Bluehill Falls, lie", Nevin Shell Heap ., Needl e point .,"Sim?on Trench 19.1, Section 4E. Shell flecked humm",25.0,peabody_files/Accession Files/16/25_2662.pdf.png
386,2663,Me.152/1," Bluehil‘l. Falls, lie.", Nevin Shell Hear»., Point of awl.,"Situa?m Trench IB.1, Section 43. Shell flecked humus:",25.0,peabody_files/Accession Files/16/25_2663.pdf.png
387,2665,Me.152/1," Bluehill Falls, Me.", Nevin Shell Heap-, Unfinished seal tooth," Trench IP.1,_§ee‘qion 4E. Shell flecked humus.",25.0,peabody_files/Accession Files/16/25_2665.pdf.png
388,2667,Me.152/1," Bluehill Falls, Me.", Nevin Shell Heap ., Cut piece of antler.,"Sim?on Trench 113.1, Section 43. _Shell flecked humus and",25.0,peabody_files/Accession Files/16/25_2667.pdf.png
389,2670,Me.152/1," Bluehill Falls, Me.", Nevin Shell Heap., Broken beaver tooth ch,"Situatim Trench I§-1, §§Ct10n :13. 7781181}. flecked humus",25.0,peabody_files/Accession Files/16/25_2670.pdf.png
390,2671,Me.152/1," Bluehill Falls, Me.", Nevin She 11 He ap ., Broken beaver tooth or,"S‘M?” Trench 113-1, Section 41?. Shell flecked humus anr‘",25.0,peabody_files/Accession Files/16/25_2671.pdf.png
391,2678,Me.152/1," Bluehill Falls, Lie", Nevin Shell Heap ., Broken beaver toot],"d humus

’4
CD

S?w“km Trench IB.2,_§egtign 43- Shell f 0k

3)",25.0,peabody_files/Accession Files/16/25_2678.pdf.png
392,2680,Me.152/1," Bluehill Falls, Me.", Nevin Shell Heap., Piece of worked bone.,"Situatim _Tr_ench IB.2 Section 4E. Brown pebbles, 650m.

__ A l,—",25.0,peabody_files/Accession Files/16/25_2680.pdf.png
393,2681,Me.152/1," Bluehill Falls, Me.", Nevin Shell Heap .,m,"Situati‘m :I'rfrncth?l, Section 4E. Brown pebbles. 530m.",25.0,peabody_files/Accession Files/16/25_2681.pdf.png
394,2682,Me.152/1," Bluehill Falls, Me.", Nevin Shell Heap ., Point of needle.,"SiM?on frrench 113.2, Section 41:. Shell fleet-zed black",25.0,peabody_files/Accession Files/16/25_2682.pdf.png
395,2685,Me.152/1," Bluehill Falls, Me.", Nevin Shell Heap., Broken beaver tooth ch,"Situati‘m Trench 113.3, Section 4E. Lower layer of",25.0,peabody_files/Accession Files/16/25_2685.pdf.png
396,2687,Me.152/1," Bluebill Falls, lie.", Nevin Shell Heap ., Bone awl .,"Situa?m Trench 18.3, Section 4-3. Flecked shell and",25.0,peabody_files/Accession Files/16/25_2687.pdf.png
397,2689,Me.152/1," Bluehill Falls, Me.", Nevin Shell Heap., Bone awl - antler.,"Shad” Trench IB.3, Section 4E. Near bottom of shell",25.0,peabody_files/Accession Files/16/25_2689.pdf.png
398,2693,Me.152/1," Bluehill Falls, Me.", Nevin Shell Heap., Unfinished canine toot,"Sim?m Trench IB.3, Section 4E. West corner of humus.",25.0,peabody_files/Accession Files/16/25_2693.pdf.png
399,2694,Me.152/1," Bluehill Falls, Lie.", Nevin Shell Heap ., Worked (?) fish bone.," Trepch IC, Seq’cion 41;. In Stratum I (shells am",25.0,peabody_files/Accession Files/16/25_2694.pdf.png
400,2695,Me.152/1," Bluehill Falls, lie.", Nevin Shell Heap ., Point of bone awl.,"Situa?m Trepch 10, Section 4E. In Stratum I (shp‘l'ls: mm",25.0,peabody_files/Accession Files/16/25_2695.pdf.png
